Person_ID,User Id,First Name,Last Name,City,Sex,Email,Phone,Date of birth,Job Title
1,A6C566010C9Ef04,Aviv,Shemesh,Tel Aviv,Male,avivshemesh96@gmail.com,+972 55-77-295,2007-04-09,Developer
2,3d5AD30A4cD38ed,Jo,Rivers,Tel Aviv,Female,fergusonkatherine@example.net,+1-950-759-8687,1931-07-26,Dancer
3,810Ce0F276Badec,Sheryl,Lowery,Los Angeles,Female,fhoward@example.org,(599)782-0605,2013-11-25,Copy
4,BF2a889C00f0cE1,Whitney,Hooper,Chicago,Male,zjohnston@example.com,+1-939-130-6258,2012-11-17,Counselling psychologist
5,9afFEafAe1CBBB9,Lindsey,Rice,Miami,Female,elin@example.net,(390)417-1635x3010,1923-04-15,Biomedical engineer
6,aF75e6dDEBC5b66,Sherry,Caldwell,Seattle,Male,kaitlin13@example.net,8537800927,1917-08-06,Higher education lecturer
7,efeb05c7Cc94EA3,Ernest,Hoffman,Boston,Male,jeffharvey@example.com,093.655.7480x7895,1984-12-22,Health visitor
8,fb1BF3FED57E9d7,Doris,Andersen,San Francisco,Male,alicia33@example.org,4709522945,2016-12-02,Air broker
9,421fAB9a3b98F30,Cheryl,Mays,Dallas,Male,jake50@example.com,013.820.4758,2012-12-16,"Designer, multimedia"
10,4A42Fe10dB717CB,Harry,Mitchell,Houston,Male,lanechristina@example.net,(560)903-5068x4985,1953-06-29,Insurance account manager
11,Cb68eBe7FfDd15f,Nora,Castillo,Philadelphia,Female,nbrowning@example.net,1-527-173-5520x870,1955-11-01,Chef
12,A77C37DcFe3a3E2,Lydia,Simpson,San Diego,Female,lucille68@example.com,446.173.5305x6358,1915-06-19,"Dance movement psychotherapist"
13,E8D97fB2c36dAc4,Dominic,Reed,Phoenix,Male,cglover@example.com,1-151-219-4793,1938-01-05,Primary care graduate mental health worker
14,DDEdA2BbC1Ff86f,Jeffery,Grant,San Jose,Male,martin80@example.com,(145)046-7553,1981-09-04,English as a second language teacher
15,a9bB6DCCaa60cfF,Oliver,Butler,Indianapolis,Male,carrieparker@example.net,1-874-845-0485x493,1951-06-13,Advertising art director
16,Af8cd9e6cCf42De,Darlene,Banks,Charlotte,Female,howardjennifer@example.org,207-613-3782x2757,1939-03-06,Production assistant, radio
17,79C3EcFdF515eDB,Sherri,Brewer,Detroit,Female,lgutierrez@example.com,1-907-928-4519,1959-07-03,Designer, exhibition/display
18,f6Ea8e1B28AfD13,Sally,Stokes,Milwaukee,Female,ddixon@example.com,(199)031-9499,1915-04-01,Armed forces training and education officer
19,CfcEDCeEEdfb19d,Melinda,Snyder,Portland,Female,tdelacruz@example.org,(530)822-9280,1921-11-28,Diplomatic service officer
20,dFD8E5EDa7edf8d,Jo,Schmidt,Tel Aviv,Female,robertsamy@example.net,(564)135-9269,1962-01-13,Public affairs consultant